<?xml version="1.0" encoding="UTF-8"?>
<metadata xml:lang="nl"><Esri><CreaDate>20210420</CreaDate><CreaTime>19070800</CreaTime><ArcGISFormat>1.0</ArcGISFormat><SyncOnce>TRUE</SyncOnce><DataProperties><itemProps><itemLocation><linkage Sync="TRUE">file://\\U020333\D$\AA_DATA\Countries\TM_WORLD_BORDERS-0.3</linkage><protocol Sync="TRUE">Local Area Network</protocol></itemLocation></itemProps><copyHistory><copy source="D:\AA_DATA\TM_WORLD_BORDERS-0.3" dest="\\U020333\D$\AA_DATA\Countries\TM_WORLD_BORDERS-0.3" date="20170812" time="10241300"></copy></copyHistory></DataProperties></Esri></metadata>
